--
-- PostgreSQL database dump
--

-- Dumped from database version 15.12 (Homebrew)
-- Dumped by pg_dump version 15.12 (Homebrew)

SET statement_timeout = 0;
SET lock_timeout = 0;
SET idle_in_transaction_session_timeout = 0;
SET client_encoding = 'UTF8';
SET standard_conforming_strings = on;
SELECT pg_catalog.set_config('search_path', '', false);
SET check_function_bodies = false;
SET xmloption = content;
SET client_min_messages = warning;
SET row_security = off;

SET default_tablespace = '';

SET default_table_access_method = heap;

--
-- Name: accounts_user; Type: TABLE; Schema: public; Owner: postgres
--

CREATE TABLE public.accounts_user (
    id bigint NOT NULL,
    password character varying(128) NOT NULL,
    last_login timestamp with time zone,
    is_superuser boolean NOT NULL,
    first_name character varying(150) NOT NULL,
    last_name character varying(150) NOT NULL,
    is_staff boolean NOT NULL,
    email character varying(254) NOT NULL,
    full_name character varying(255) NOT NULL,
    role character varying(50) NOT NULL,
    department character varying(100) NOT NULL,
    phone_number character varying(20) NOT NULL,
    profile_image character varying(100),
    last_login_ip inet,
    is_active boolean NOT NULL,
    date_joined timestamp with time zone NOT NULL
);


ALTER TABLE public.accounts_user OWNER TO postgres;

--
-- Name: accounts_user_groups; Type: TABLE; Schema: public; Owner: postgres
--

CREATE TABLE public.accounts_user_groups (
    id bigint NOT NULL,
    user_id bigint NOT NULL,
    group_id integer NOT NULL
);


ALTER TABLE public.accounts_user_groups OWNER TO postgres;

--
-- Name: accounts_user_groups_id_seq; Type: SEQUENCE; Schema: public; Owner: postgres
--

ALTER TABLE public.accounts_user_groups ALTER COLUMN id ADD GENERATED BY DEFAULT AS IDENTITY (
    SEQUENCE NAME public.accounts_user_groups_id_seq
    START WITH 1
    INCREMENT BY 1
    NO MINVALUE
    NO MAXVALUE
    CACHE 1
);


--
-- Name: accounts_user_id_seq; Type: SEQUENCE; Schema: public; Owner: postgres
--

ALTER TABLE public.accounts_user ALTER COLUMN id ADD GENERATED BY DEFAULT AS IDENTITY (
    SEQUENCE NAME public.accounts_user_id_seq
    START WITH 1
    INCREMENT BY 1
    NO MINVALUE
    NO MAXVALUE
    CACHE 1
);


--
-- Name: accounts_user_user_permissions; Type: TABLE; Schema: public; Owner: postgres
--

CREATE TABLE public.accounts_user_user_permissions (
    id bigint NOT NULL,
    user_id bigint NOT NULL,
    permission_id integer NOT NULL
);


ALTER TABLE public.accounts_user_user_permissions OWNER TO postgres;

--
-- Name: accounts_user_user_permissions_id_seq; Type: SEQUENCE; Schema: public; Owner: postgres
--

ALTER TABLE public.accounts_user_user_permissions ALTER COLUMN id ADD GENERATED BY DEFAULT AS IDENTITY (
    SEQUENCE NAME public.accounts_user_user_permissions_id_seq
    START WITH 1
    INCREMENT BY 1
    NO MINVALUE
    NO MAXVALUE
    CACHE 1
);


--
-- Name: audit_auditlog; Type: TABLE; Schema: public; Owner: postgres
--

CREATE TABLE public.audit_auditlog (
    id bigint NOT NULL,
    ip_address inet,
    "timestamp" timestamp with time zone NOT NULL,
    action_type character varying(50) NOT NULL,
    action_detail character varying(255) NOT NULL,
    object_id integer,
    old_values jsonb,
    new_values jsonb,
    notes text NOT NULL,
    content_type_id integer,
    user_id bigint,
    CONSTRAINT audit_auditlog_object_id_check CHECK ((object_id >= 0))
);


ALTER TABLE public.audit_auditlog OWNER TO postgres;

--
-- Name: audit_auditlog_id_seq; Type: SEQUENCE; Schema: public; Owner: postgres
--

ALTER TABLE public.audit_auditlog ALTER COLUMN id ADD GENERATED BY DEFAULT AS IDENTITY (
    SEQUENCE NAME public.audit_auditlog_id_seq
    START WITH 1
    INCREMENT BY 1
    NO MINVALUE
    NO MAXVALUE
    CACHE 1
);


--
-- Name: audit_systemsetting; Type: TABLE; Schema: public; Owner: postgres
--

CREATE TABLE public.audit_systemsetting (
    id bigint NOT NULL,
    key character varying(100) NOT NULL,
    value jsonb NOT NULL,
    description text NOT NULL,
    created_at timestamp with time zone NOT NULL,
    updated_at timestamp with time zone NOT NULL,
    created_by_id bigint,
    last_updated_by_id bigint
);


ALTER TABLE public.audit_systemsetting OWNER TO postgres;

--
-- Name: audit_systemsetting_id_seq; Type: SEQUENCE; Schema: public; Owner: postgres
--

ALTER TABLE public.audit_systemsetting ALTER COLUMN id ADD GENERATED BY DEFAULT AS IDENTITY (
    SEQUENCE NAME public.audit_systemsetting_id_seq
    START WITH 1
    INCREMENT BY 1
    NO MINVALUE
    NO MAXVALUE
    CACHE 1
);


--
-- Name: auth_group; Type: TABLE; Schema: public; Owner: postgres
--

CREATE TABLE public.auth_group (
    id integer NOT NULL,
    name character varying(150) NOT NULL
);


ALTER TABLE public.auth_group OWNER TO postgres;

--
-- Name: auth_group_id_seq; Type: SEQUENCE; Schema: public; Owner: postgres
--

ALTER TABLE public.auth_group ALTER COLUMN id ADD GENERATED BY DEFAULT AS IDENTITY (
    SEQUENCE NAME public.auth_group_id_seq
    START WITH 1
    INCREMENT BY 1
    NO MINVALUE
    NO MAXVALUE
    CACHE 1
);


--
-- Name: auth_group_permissions; Type: TABLE; Schema: public; Owner: postgres
--

CREATE TABLE public.auth_group_permissions (
    id bigint NOT NULL,
    group_id integer NOT NULL,
    permission_id integer NOT NULL
);


ALTER TABLE public.auth_group_permissions OWNER TO postgres;

--
-- Name: auth_group_permissions_id_seq; Type: SEQUENCE; Schema: public; Owner: postgres
--

ALTER TABLE public.auth_group_permissions ALTER COLUMN id ADD GENERATED BY DEFAULT AS IDENTITY (
    SEQUENCE NAME public.auth_group_permissions_id_seq
    START WITH 1
    INCREMENT BY 1
    NO MINVALUE
    NO MAXVALUE
    CACHE 1
);


--
-- Name: auth_permission; Type: TABLE; Schema: public; Owner: postgres
--

CREATE TABLE public.auth_permission (
    id integer NOT NULL,
    name character varying(255) NOT NULL,
    content_type_id integer NOT NULL,
    codename character varying(100) NOT NULL
);


ALTER TABLE public.auth_permission OWNER TO postgres;

--
-- Name: auth_permission_id_seq; Type: SEQUENCE; Schema: public; Owner: postgres
--

ALTER TABLE public.auth_permission ALTER COLUMN id ADD GENERATED BY DEFAULT AS IDENTITY (
    SEQUENCE NAME public.auth_permission_id_seq
    START WITH 1
    INCREMENT BY 1
    NO MINVALUE
    NO MAXVALUE
    CACHE 1
);


--
-- Name: django_admin_log; Type: TABLE; Schema: public; Owner: postgres
--

CREATE TABLE public.django_admin_log (
    id integer NOT NULL,
    action_time timestamp with time zone NOT NULL,
    object_id text,
    object_repr character varying(200) NOT NULL,
    action_flag smallint NOT NULL,
    change_message text NOT NULL,
    content_type_id integer,
    user_id bigint NOT NULL,
    CONSTRAINT django_admin_log_action_flag_check CHECK ((action_flag >= 0))
);


ALTER TABLE public.django_admin_log OWNER TO postgres;

--
-- Name: django_admin_log_id_seq; Type: SEQUENCE; Schema: public; Owner: postgres
--

ALTER TABLE public.django_admin_log ALTER COLUMN id ADD GENERATED BY DEFAULT AS IDENTITY (
    SEQUENCE NAME public.django_admin_log_id_seq
    START WITH 1
    INCREMENT BY 1
    NO MINVALUE
    NO MAXVALUE
    CACHE 1
);


--
-- Name: django_content_type; Type: TABLE; Schema: public; Owner: postgres
--

CREATE TABLE public.django_content_type (
    id integer NOT NULL,
    app_label character varying(100) NOT NULL,
    model character varying(100) NOT NULL
);


ALTER TABLE public.django_content_type OWNER TO postgres;

--
-- Name: django_content_type_id_seq; Type: SEQUENCE; Schema: public; Owner: postgres
--

ALTER TABLE public.django_content_type ALTER COLUMN id ADD GENERATED BY DEFAULT AS IDENTITY (
    SEQUENCE NAME public.django_content_type_id_seq
    START WITH 1
    INCREMENT BY 1
    NO MINVALUE
    NO MAXVALUE
    CACHE 1
);


--
-- Name: django_migrations; Type: TABLE; Schema: public; Owner: postgres
--

CREATE TABLE public.django_migrations (
    id bigint NOT NULL,
    app character varying(255) NOT NULL,
    name character varying(255) NOT NULL,
    applied timestamp with time zone NOT NULL
);


ALTER TABLE public.django_migrations OWNER TO postgres;

--
-- Name: django_migrations_id_seq; Type: SEQUENCE; Schema: public; Owner: postgres
--

ALTER TABLE public.django_migrations ALTER COLUMN id ADD GENERATED BY DEFAULT AS IDENTITY (
    SEQUENCE NAME public.django_migrations_id_seq
    START WITH 1
    INCREMENT BY 1
    NO MINVALUE
    NO MAXVALUE
    CACHE 1
);


--
-- Name: django_session; Type: TABLE; Schema: public; Owner: postgres
--

CREATE TABLE public.django_session (
    session_key character varying(40) NOT NULL,
    session_data text NOT NULL,
    expire_date timestamp with time zone NOT NULL
);


ALTER TABLE public.django_session OWNER TO postgres;

--
-- Name: referrals_referral; Type: TABLE; Schema: public; Owner: postgres
--

CREATE TABLE public.referrals_referral (
    id bigint NOT NULL,
    full_name character varying(255) NOT NULL,
    personal_id character varying(20) NOT NULL,
    team character varying(100) NOT NULL,
    referral_type character varying(50) NOT NULL,
    referral_details character varying(255) NOT NULL,
    has_documents boolean NOT NULL,
    priority character varying(20) NOT NULL,
    status character varying(50) NOT NULL,
    appointment_date timestamp with time zone,
    appointment_path character varying(255),
    appointment_location character varying(255),
    created_at timestamp with time zone NOT NULL,
    updated_at timestamp with time zone NOT NULL,
    notes text NOT NULL,
    created_by_id bigint,
    last_updated_by_id bigint
);


ALTER TABLE public.referrals_referral OWNER TO postgres;

--
-- Name: referrals_referral_id_seq; Type: SEQUENCE; Schema: public; Owner: postgres
--

ALTER TABLE public.referrals_referral ALTER COLUMN id ADD GENERATED BY DEFAULT AS IDENTITY (
    SEQUENCE NAME public.referrals_referral_id_seq
    START WITH 1
    INCREMENT BY 1
    NO MINVALUE
    NO MAXVALUE
    CACHE 1
);


--
-- Name: referrals_referraldocument; Type: TABLE; Schema: public; Owner: postgres
--

CREATE TABLE public.referrals_referraldocument (
    id bigint NOT NULL,
    file character varying(100) NOT NULL,
    title character varying(255) NOT NULL,
    description text NOT NULL,
    uploaded_at timestamp with time zone NOT NULL,
    referral_id bigint NOT NULL,
    uploaded_by_id bigint
);


ALTER TABLE public.referrals_referraldocument OWNER TO postgres;

--
-- Name: referrals_referraldocument_id_seq; Type: SEQUENCE; Schema: public; Owner: postgres
--

ALTER TABLE public.referrals_referraldocument ALTER COLUMN id ADD GENERATED BY DEFAULT AS IDENTITY (
    SEQUENCE NAME public.referrals_referraldocument_id_seq
    START WITH 1
    INCREMENT BY 1
    NO MINVALUE
    NO MAXVALUE
    CACHE 1
);


--
-- Data for Name: accounts_user; Type: TABLE DATA; Schema: public; Owner: postgres
--

COPY public.accounts_user (id, password, last_login, is_superuser, first_name, last_name, is_staff, email, full_name, role, department, phone_number, profile_image, last_login_ip, is_active, date_joined) FROM stdin;
1	pbkdf2_sha256$870000$bJXdluVOWoyt1Oy86UwvC8$/Rs8h1xdxfSJutL3d3ME+rLM+9Qxda2uwdpYsr1ZXxA=	\N	t			t	perlman.asaf@gmail.com	asaf perlman	admin				\N	t	2025-03-07 18:02:58.166399+02
\.


--
-- Data for Name: accounts_user_groups; Type: TABLE DATA; Schema: public; Owner: postgres
--

COPY public.accounts_user_groups (id, user_id, group_id) FROM stdin;
\.


--
-- Data for Name: accounts_user_user_permissions; Type: TABLE DATA; Schema: public; Owner: postgres
--

COPY public.accounts_user_user_permissions (id, user_id, permission_id) FROM stdin;
\.


--
-- Data for Name: audit_auditlog; Type: TABLE DATA; Schema: public; Owner: postgres
--

COPY public.audit_auditlog (id, ip_address, "timestamp", action_type, action_detail, object_id, old_values, new_values, notes, content_type_id, user_id) FROM stdin;
\.


--
-- Data for Name: audit_systemsetting; Type: TABLE DATA; Schema: public; Owner: postgres
--

COPY public.audit_systemsetting (id, key, value, description, created_at, updated_at, created_by_id, last_updated_by_id) FROM stdin;
\.


--
-- Data for Name: auth_group; Type: TABLE DATA; Schema: public; Owner: postgres
--

COPY public.auth_group (id, name) FROM stdin;
\.


--
-- Data for Name: auth_group_permissions; Type: TABLE DATA; Schema: public; Owner: postgres
--

COPY public.auth_group_permissions (id, group_id, permission_id) FROM stdin;
\.


--
-- Data for Name: auth_permission; Type: TABLE DATA; Schema: public; Owner: postgres
--

COPY public.auth_permission (id, name, content_type_id, codename) FROM stdin;
1	Can add log entry	1	add_logentry
2	Can change log entry	1	change_logentry
3	Can delete log entry	1	delete_logentry
4	Can view log entry	1	view_logentry
5	Can add permission	2	add_permission
6	Can change permission	2	change_permission
7	Can delete permission	2	delete_permission
8	Can view permission	2	view_permission
9	Can add group	3	add_group
10	Can change group	3	change_group
11	Can delete group	3	delete_group
12	Can view group	3	view_group
13	Can add content type	4	add_contenttype
14	Can change content type	4	change_contenttype
15	Can delete content type	4	delete_contenttype
16	Can view content type	4	view_contenttype
17	Can add session	5	add_session
18	Can change session	5	change_session
19	Can delete session	5	delete_session
20	Can view session	5	view_session
21	Can add משתמש	6	add_user
22	Can change משתמש	6	change_user
23	Can delete משתמש	6	delete_user
24	Can view משתמש	6	view_user
25	Can add הפניה רפואית	7	add_referral
26	Can change הפניה רפואית	7	change_referral
27	Can delete הפניה רפואית	7	delete_referral
28	Can view הפניה רפואית	7	view_referral
29	Can add מסמך הפניה	8	add_referraldocument
30	Can change מסמך הפניה	8	change_referraldocument
31	Can delete מסמך הפניה	8	delete_referraldocument
32	Can view מסמך הפניה	8	view_referraldocument
33	Can add הגדרת מערכת	9	add_systemsetting
34	Can change הגדרת מערכת	9	change_systemsetting
35	Can delete הגדרת מערכת	9	delete_systemsetting
36	Can view הגדרת מערכת	9	view_systemsetting
37	Can add תיעוד פעולה	10	add_auditlog
38	Can change תיעוד פעולה	10	change_auditlog
39	Can delete תיעוד פעולה	10	delete_auditlog
40	Can view תיעוד פעולה	10	view_auditlog
\.


--
-- Data for Name: django_admin_log; Type: TABLE DATA; Schema: public; Owner: postgres
--

COPY public.django_admin_log (id, action_time, object_id, object_repr, action_flag, change_message, content_type_id, user_id) FROM stdin;
\.


--
-- Data for Name: django_content_type; Type: TABLE DATA; Schema: public; Owner: postgres
--

COPY public.django_content_type (id, app_label, model) FROM stdin;
1	admin	logentry
2	auth	permission
3	auth	group
4	contenttypes	contenttype
5	sessions	session
6	accounts	user
7	referrals	referral
8	referrals	referraldocument
9	audit	systemsetting
10	audit	auditlog
\.


--
-- Data for Name: django_migrations; Type: TABLE DATA; Schema: public; Owner: postgres
--

COPY public.django_migrations (id, app, name, applied) FROM stdin;
1	contenttypes	0001_initial	2025-03-07 18:02:29.793238+02
2	contenttypes	0002_remove_content_type_name	2025-03-07 18:02:29.801763+02
3	auth	0001_initial	2025-03-07 18:02:29.862113+02
4	auth	0002_alter_permission_name_max_length	2025-03-07 18:02:29.87014+02
5	auth	0003_alter_user_email_max_length	2025-03-07 18:02:29.882894+02
6	auth	0004_alter_user_username_opts	2025-03-07 18:02:29.894921+02
7	auth	0005_alter_user_last_login_null	2025-03-07 18:02:29.908241+02
8	auth	0006_require_contenttypes_0002	2025-03-07 18:02:29.909689+02
9	auth	0007_alter_validators_add_error_messages	2025-03-07 18:02:29.916878+02
10	auth	0008_alter_user_username_max_length	2025-03-07 18:02:29.925911+02
11	auth	0009_alter_user_last_name_max_length	2025-03-07 18:02:29.934602+02
12	auth	0010_alter_group_name_max_length	2025-03-07 18:02:29.945726+02
13	auth	0011_update_proxy_permissions	2025-03-07 18:02:29.956429+02
14	auth	0012_alter_user_first_name_max_length	2025-03-07 18:02:29.965397+02
15	accounts	0001_initial	2025-03-07 18:02:30.026872+02
16	admin	0001_initial	2025-03-07 18:02:30.055286+02
17	admin	0002_logentry_remove_auto_add	2025-03-07 18:02:30.069003+02
18	admin	0003_logentry_add_action_flag_choices	2025-03-07 18:02:30.089609+02
19	audit	0001_initial	2025-03-07 18:02:30.148261+02
20	referrals	0001_initial	2025-03-07 18:02:30.386714+02
21	sessions	0001_initial	2025-03-07 18:02:30.396698+02
\.


--
-- Data for Name: django_session; Type: TABLE DATA; Schema: public; Owner: postgres
--

COPY public.django_session (session_key, session_data, expire_date) FROM stdin;
\.


--
-- Data for Name: referrals_referral; Type: TABLE DATA; Schema: public; Owner: postgres
--

COPY public.referrals_referral (id, full_name, personal_id, team, referral_type, referral_details, has_documents, priority, status, appointment_date, appointment_path, appointment_location, created_at, updated_at, notes, created_by_id, last_updated_by_id) FROM stdin;
\.


--
-- Data for Name: referrals_referraldocument; Type: TABLE DATA; Schema: public; Owner: postgres
--

COPY public.referrals_referraldocument (id, file, title, description, uploaded_at, referral_id, uploaded_by_id) FROM stdin;
\.


--
-- Name: accounts_user_groups_id_seq; Type: SEQUENCE SET; Schema: public; Owner: postgres
--

SELECT pg_catalog.setval('public.accounts_user_groups_id_seq', 1, false);


--
-- Name: accounts_user_id_seq; Type: SEQUENCE SET; Schema: public; Owner: postgres
--

SELECT pg_catalog.setval('public.accounts_user_id_seq', 1, true);


--
-- Name: accounts_user_user_permissions_id_seq; Type: SEQUENCE SET; Schema: public; Owner: postgres
--

SELECT pg_catalog.setval('public.accounts_user_user_permissions_id_seq', 1, false);


--
-- Name: audit_auditlog_id_seq; Type: SEQUENCE SET; Schema: public; Owner: postgres
--

SELECT pg_catalog.setval('public.audit_auditlog_id_seq', 1, false);


--
-- Name: audit_systemsetting_id_seq; Type: SEQUENCE SET; Schema: public; Owner: postgres
--

SELECT pg_catalog.setval('public.audit_systemsetting_id_seq', 1, false);


--
-- Name: auth_group_id_seq; Type: SEQUENCE SET; Schema: public; Owner: postgres
--

SELECT pg_catalog.setval('public.auth_group_id_seq', 1, false);


--
-- Name: auth_group_permissions_id_seq; Type: SEQUENCE SET; Schema: public; Owner: postgres
--

SELECT pg_catalog.setval('public.auth_group_permissions_id_seq', 1, false);


--
-- Name: auth_permission_id_seq; Type: SEQUENCE SET; Schema: public; Owner: postgres
--

SELECT pg_catalog.setval('public.auth_permission_id_seq', 40, true);


--
-- Name: django_admin_log_id_seq; Type: SEQUENCE SET; Schema: public; Owner: postgres
--

SELECT pg_catalog.setval('public.django_admin_log_id_seq', 1, false);


--
-- Name: django_content_type_id_seq; Type: SEQUENCE SET; Schema: public; Owner: postgres
--

SELECT pg_catalog.setval('public.django_content_type_id_seq', 10, true);


--
-- Name: django_migrations_id_seq; Type: SEQUENCE SET; Schema: public; Owner: postgres
--

SELECT pg_catalog.setval('public.django_migrations_id_seq', 21, true);


--
-- Name: referrals_referral_id_seq; Type: SEQUENCE SET; Schema: public; Owner: postgres
--

SELECT pg_catalog.setval('public.referrals_referral_id_seq', 1, false);


--
-- Name: referrals_referraldocument_id_seq; Type: SEQUENCE SET; Schema: public; Owner: postgres
--

SELECT pg_catalog.setval('public.referrals_referraldocument_id_seq', 1, false);


--
-- Name: accounts_user accounts_user_email_key; Type: CONSTRAINT; Schema: public; Owner: postgres
--

ALTER TABLE ONLY public.accounts_user
    ADD CONSTRAINT accounts_user_email_key UNIQUE (email);


--
-- Name: accounts_user_groups accounts_user_groups_pkey; Type: CONSTRAINT; Schema: public; Owner: postgres
--

ALTER TABLE ONLY public.accounts_user_groups
    ADD CONSTRAINT accounts_user_groups_pkey PRIMARY KEY (id);


--
-- Name: accounts_user_groups accounts_user_groups_user_id_group_id_59c0b32f_uniq; Type: CONSTRAINT; Schema: public; Owner: postgres
--

ALTER TABLE ONLY public.accounts_user_groups
    ADD CONSTRAINT accounts_user_groups_user_id_group_id_59c0b32f_uniq UNIQUE (user_id, group_id);


--
-- Name: accounts_user accounts_user_pkey; Type: CONSTRAINT; Schema: public; Owner: postgres
--

ALTER TABLE ONLY public.accounts_user
    ADD CONSTRAINT accounts_user_pkey PRIMARY KEY (id);


--
-- Name: accounts_user_user_permissions accounts_user_user_permi_user_id_permission_id_2ab516c2_uniq; Type: CONSTRAINT; Schema: public; Owner: postgres
--

ALTER TABLE ONLY public.accounts_user_user_permissions
    ADD CONSTRAINT accounts_user_user_permi_user_id_permission_id_2ab516c2_uniq UNIQUE (user_id, permission_id);


--
-- Name: accounts_user_user_permissions accounts_user_user_permissions_pkey; Type: CONSTRAINT; Schema: public; Owner: postgres
--

ALTER TABLE ONLY public.accounts_user_user_permissions
    ADD CONSTRAINT accounts_user_user_permissions_pkey PRIMARY KEY (id);


--
-- Name: audit_auditlog audit_auditlog_pkey; Type: CONSTRAINT; Schema: public; Owner: postgres
--

ALTER TABLE ONLY public.audit_auditlog
    ADD CONSTRAINT audit_auditlog_pkey PRIMARY KEY (id);


--
-- Name: audit_systemsetting audit_systemsetting_key_key; Type: CONSTRAINT; Schema: public; Owner: postgres
--

ALTER TABLE ONLY public.audit_systemsetting
    ADD CONSTRAINT audit_systemsetting_key_key UNIQUE (key);


--
-- Name: audit_systemsetting audit_systemsetting_pkey; Type: CONSTRAINT; Schema: public; Owner: postgres
--

ALTER TABLE ONLY public.audit_systemsetting
    ADD CONSTRAINT audit_systemsetting_pkey PRIMARY KEY (id);


--
-- Name: auth_group auth_group_name_key; Type: CONSTRAINT; Schema: public; Owner: postgres
--

ALTER TABLE ONLY public.auth_group
    ADD CONSTRAINT auth_group_name_key UNIQUE (name);


--
-- Name: auth_group_permissions auth_group_permissions_group_id_permission_id_0cd325b0_uniq; Type: CONSTRAINT; Schema: public; Owner: postgres
--

ALTER TABLE ONLY public.auth_group_permissions
    ADD CONSTRAINT auth_group_permissions_group_id_permission_id_0cd325b0_uniq UNIQUE (group_id, permission_id);


--
-- Name: auth_group_permissions auth_group_permissions_pkey; Type: CONSTRAINT; Schema: public; Owner: postgres
--

ALTER TABLE ONLY public.auth_group_permissions
    ADD CONSTRAINT auth_group_permissions_pkey PRIMARY KEY (id);


--
-- Name: auth_group auth_group_pkey; Type: CONSTRAINT; Schema: public; Owner: postgres
--

ALTER TABLE ONLY public.auth_group
    ADD CONSTRAINT auth_group_pkey PRIMARY KEY (id);


--
-- Name: auth_permission auth_permission_content_type_id_codename_01ab375a_uniq; Type: CONSTRAINT; Schema: public; Owner: postgres
--

ALTER TABLE ONLY public.auth_permission
    ADD CONSTRAINT auth_permission_content_type_id_codename_01ab375a_uniq UNIQUE (content_type_id, codename);


--
-- Name: auth_permission auth_permission_pkey; Type: CONSTRAINT; Schema: public; Owner: postgres
--

ALTER TABLE ONLY public.auth_permission
    ADD CONSTRAINT auth_permission_pkey PRIMARY KEY (id);


--
-- Name: django_admin_log django_admin_log_pkey; Type: CONSTRAINT; Schema: public; Owner: postgres
--

ALTER TABLE ONLY public.django_admin_log
    ADD CONSTRAINT django_admin_log_pkey PRIMARY KEY (id);


--
-- Name: django_content_type django_content_type_app_label_model_76bd3d3b_uniq; Type: CONSTRAINT; Schema: public; Owner: postgres
--

ALTER TABLE ONLY public.django_content_type
    ADD CONSTRAINT django_content_type_app_label_model_76bd3d3b_uniq UNIQUE (app_label, model);


--
-- Name: django_content_type django_content_type_pkey; Type: CONSTRAINT; Schema: public; Owner: postgres
--

ALTER TABLE ONLY public.django_content_type
    ADD CONSTRAINT django_content_type_pkey PRIMARY KEY (id);


--
-- Name: django_migrations django_migrations_pkey; Type: CONSTRAINT; Schema: public; Owner: postgres
--

ALTER TABLE ONLY public.django_migrations
    ADD CONSTRAINT django_migrations_pkey PRIMARY KEY (id);


--
-- Name: django_session django_session_pkey; Type: CONSTRAINT; Schema: public; Owner: postgres
--

ALTER TABLE ONLY public.django_session
    ADD CONSTRAINT django_session_pkey PRIMARY KEY (session_key);


--
-- Name: referrals_referral referrals_referral_pkey; Type: CONSTRAINT; Schema: public; Owner: postgres
--

ALTER TABLE ONLY public.referrals_referral
    ADD CONSTRAINT referrals_referral_pkey PRIMARY KEY (id);


--
-- Name: referrals_referraldocument referrals_referraldocument_pkey; Type: CONSTRAINT; Schema: public; Owner: postgres
--

ALTER TABLE ONLY public.referrals_referraldocument
    ADD CONSTRAINT referrals_referraldocument_pkey PRIMARY KEY (id);


--
-- Name: accounts_user_email_b2644a56_like; Type: INDEX; Schema: public; Owner: postgres
--

CREATE INDEX accounts_user_email_b2644a56_like ON public.accounts_user USING btree (email varchar_pattern_ops);


--
-- Name: accounts_user_groups_group_id_bd11a704; Type: INDEX; Schema: public; Owner: postgres
--

CREATE INDEX accounts_user_groups_group_id_bd11a704 ON public.accounts_user_groups USING btree (group_id);


--
-- Name: accounts_user_groups_user_id_52b62117; Type: INDEX; Schema: public; Owner: postgres
--

CREATE INDEX accounts_user_groups_user_id_52b62117 ON public.accounts_user_groups USING btree (user_id);


--
-- Name: accounts_user_user_permissions_permission_id_113bb443; Type: INDEX; Schema: public; Owner: postgres
--

CREATE INDEX accounts_user_user_permissions_permission_id_113bb443 ON public.accounts_user_user_permissions USING btree (permission_id);


--
-- Name: accounts_user_user_permissions_user_id_e4f0a161; Type: INDEX; Schema: public; Owner: postgres
--

CREATE INDEX accounts_user_user_permissions_user_id_e4f0a161 ON public.accounts_user_user_permissions USING btree (user_id);


--
-- Name: audit_audit_action__dd3a3c_idx; Type: INDEX; Schema: public; Owner: postgres
--

CREATE INDEX audit_audit_action__dd3a3c_idx ON public.audit_auditlog USING btree (action_type);


--
-- Name: audit_audit_content_4c2ead_idx; Type: INDEX; Schema: public; Owner: postgres
--

CREATE INDEX audit_audit_content_4c2ead_idx ON public.audit_auditlog USING btree (content_type_id, object_id);


--
-- Name: audit_audit_timesta_19e18a_idx; Type: INDEX; Schema: public; Owner: postgres
--

CREATE INDEX audit_audit_timesta_19e18a_idx ON public.audit_auditlog USING btree ("timestamp");


--
-- Name: audit_audit_user_id_292c79_idx; Type: INDEX; Schema: public; Owner: postgres
--

CREATE INDEX audit_audit_user_id_292c79_idx ON public.audit_auditlog USING btree (user_id);


--
-- Name: audit_auditlog_content_type_id_61188c00; Type: INDEX; Schema: public; Owner: postgres
--

CREATE INDEX audit_auditlog_content_type_id_61188c00 ON public.audit_auditlog USING btree (content_type_id);


--
-- Name: audit_auditlog_user_id_c1cca96c; Type: INDEX; Schema: public; Owner: postgres
--

CREATE INDEX audit_auditlog_user_id_c1cca96c ON public.audit_auditlog USING btree (user_id);


--
-- Name: audit_systemsetting_created_by_id_4a9d4993; Type: INDEX; Schema: public; Owner: postgres
--

CREATE INDEX audit_systemsetting_created_by_id_4a9d4993 ON public.audit_systemsetting USING btree (created_by_id);


--
-- Name: audit_systemsetting_key_4b6fe1db_like; Type: INDEX; Schema: public; Owner: postgres
--

CREATE INDEX audit_systemsetting_key_4b6fe1db_like ON public.audit_systemsetting USING btree (key varchar_pattern_ops);


--
-- Name: audit_systemsetting_last_updated_by_id_91a4230c; Type: INDEX; Schema: public; Owner: postgres
--

CREATE INDEX audit_systemsetting_last_updated_by_id_91a4230c ON public.audit_systemsetting USING btree (last_updated_by_id);


--
-- Name: auth_group_name_a6ea08ec_like; Type: INDEX; Schema: public; Owner: postgres
--

CREATE INDEX auth_group_name_a6ea08ec_like ON public.auth_group USING btree (name varchar_pattern_ops);


--
-- Name: auth_group_permissions_group_id_b120cbf9; Type: INDEX; Schema: public; Owner: postgres
--

CREATE INDEX auth_group_permissions_group_id_b120cbf9 ON public.auth_group_permissions USING btree (group_id);


--
-- Name: auth_group_permissions_permission_id_84c5c92e; Type: INDEX; Schema: public; Owner: postgres
--

CREATE INDEX auth_group_permissions_permission_id_84c5c92e ON public.auth_group_permissions USING btree (permission_id);


--
-- Name: auth_permission_content_type_id_2f476e4b; Type: INDEX; Schema: public; Owner: postgres
--

CREATE INDEX auth_permission_content_type_id_2f476e4b ON public.auth_permission USING btree (content_type_id);


--
-- Name: django_admin_log_content_type_id_c4bce8eb; Type: INDEX; Schema: public; Owner: postgres
--

CREATE INDEX django_admin_log_content_type_id_c4bce8eb ON public.django_admin_log USING btree (content_type_id);


--
-- Name: django_admin_log_user_id_c564eba6; Type: INDEX; Schema: public; Owner: postgres
--

CREATE INDEX django_admin_log_user_id_c564eba6 ON public.django_admin_log USING btree (user_id);


--
-- Name: django_session_expire_date_a5c62663; Type: INDEX; Schema: public; Owner: postgres
--

CREATE INDEX django_session_expire_date_a5c62663 ON public.django_session USING btree (expire_date);


--
-- Name: django_session_session_key_c0390e0f_like; Type: INDEX; Schema: public; Owner: postgres
--

CREATE INDEX django_session_session_key_c0390e0f_like ON public.django_session USING btree (session_key varchar_pattern_ops);


--
-- Name: referrals_r_appoint_ea93e1_idx; Type: INDEX; Schema: public; Owner: postgres
--

CREATE INDEX referrals_r_appoint_ea93e1_idx ON public.referrals_referral USING btree (appointment_date);


--
-- Name: referrals_r_full_na_22c45b_idx; Type: INDEX; Schema: public; Owner: postgres
--

CREATE INDEX referrals_r_full_na_22c45b_idx ON public.referrals_referral USING btree (full_name);


--
-- Name: referrals_r_persona_c62472_idx; Type: INDEX; Schema: public; Owner: postgres
--

CREATE INDEX referrals_r_persona_c62472_idx ON public.referrals_referral USING btree (personal_id);


--
-- Name: referrals_r_priorit_bf044d_idx; Type: INDEX; Schema: public; Owner: postgres
--

CREATE INDEX referrals_r_priorit_bf044d_idx ON public.referrals_referral USING btree (priority);


--
-- Name: referrals_r_status_50a3e5_idx; Type: INDEX; Schema: public; Owner: postgres
--

CREATE INDEX referrals_r_status_50a3e5_idx ON public.referrals_referral USING btree (status);


--
-- Name: referrals_r_team_a9ab44_idx; Type: INDEX; Schema: public; Owner: postgres
--

CREATE INDEX referrals_r_team_a9ab44_idx ON public.referrals_referral USING btree (team);


--
-- Name: referrals_referral_created_by_id_6878342d; Type: INDEX; Schema: public; Owner: postgres
--

CREATE INDEX referrals_referral_created_by_id_6878342d ON public.referrals_referral USING btree (created_by_id);


--
-- Name: referrals_referral_last_updated_by_id_04192a8f; Type: INDEX; Schema: public; Owner: postgres
--

CREATE INDEX referrals_referral_last_updated_by_id_04192a8f ON public.referrals_referral USING btree (last_updated_by_id);


--
-- Name: referrals_referraldocument_referral_id_c4ce1474; Type: INDEX; Schema: public; Owner: postgres
--

CREATE INDEX referrals_referraldocument_referral_id_c4ce1474 ON public.referrals_referraldocument USING btree (referral_id);


--
-- Name: referrals_referraldocument_uploaded_by_id_8ff4017e; Type: INDEX; Schema: public; Owner: postgres
--

CREATE INDEX referrals_referraldocument_uploaded_by_id_8ff4017e ON public.referrals_referraldocument USING btree (uploaded_by_id);


--
-- Name: accounts_user_groups accounts_user_groups_group_id_bd11a704_fk_auth_group_id; Type: FK CONSTRAINT; Schema: public; Owner: postgres
--

ALTER TABLE ONLY public.accounts_user_groups
    ADD CONSTRAINT accounts_user_groups_group_id_bd11a704_fk_auth_group_id FOREIGN KEY (group_id) REFERENCES public.auth_group(id) DEFERRABLE INITIALLY DEFERRED;


--
-- Name: accounts_user_groups accounts_user_groups_user_id_52b62117_fk_accounts_user_id; Type: FK CONSTRAINT; Schema: public; Owner: postgres
--

ALTER TABLE ONLY public.accounts_user_groups
    ADD CONSTRAINT accounts_user_groups_user_id_52b62117_fk_accounts_user_id FOREIGN KEY (user_id) REFERENCES public.accounts_user(id) DEFERRABLE INITIALLY DEFERRED;


--
-- Name: accounts_user_user_permissions accounts_user_user_p_permission_id_113bb443_fk_auth_perm; Type: FK CONSTRAINT; Schema: public; Owner: postgres
--

ALTER TABLE ONLY public.accounts_user_user_permissions
    ADD CONSTRAINT accounts_user_user_p_permission_id_113bb443_fk_auth_perm FOREIGN KEY (permission_id) REFERENCES public.auth_permission(id) DEFERRABLE INITIALLY DEFERRED;


--
-- Name: accounts_user_user_permissions accounts_user_user_p_user_id_e4f0a161_fk_accounts_; Type: FK CONSTRAINT; Schema: public; Owner: postgres
--

ALTER TABLE ONLY public.accounts_user_user_permissions
    ADD CONSTRAINT accounts_user_user_p_user_id_e4f0a161_fk_accounts_ FOREIGN KEY (user_id) REFERENCES public.accounts_user(id) DEFERRABLE INITIALLY DEFERRED;


--
-- Name: audit_auditlog audit_auditlog_content_type_id_61188c00_fk_django_co; Type: FK CONSTRAINT; Schema: public; Owner: postgres
--

ALTER TABLE ONLY public.audit_auditlog
    ADD CONSTRAINT audit_auditlog_content_type_id_61188c00_fk_django_co FOREIGN KEY (content_type_id) REFERENCES public.django_content_type(id) DEFERRABLE INITIALLY DEFERRED;


--
-- Name: audit_auditlog audit_auditlog_user_id_c1cca96c_fk_accounts_user_id; Type: FK CONSTRAINT; Schema: public; Owner: postgres
--

ALTER TABLE ONLY public.audit_auditlog
    ADD CONSTRAINT audit_auditlog_user_id_c1cca96c_fk_accounts_user_id FOREIGN KEY (user_id) REFERENCES public.accounts_user(id) DEFERRABLE INITIALLY DEFERRED;


--
-- Name: audit_systemsetting audit_systemsetting_created_by_id_4a9d4993_fk_accounts_user_id; Type: FK CONSTRAINT; Schema: public; Owner: postgres
--

ALTER TABLE ONLY public.audit_systemsetting
    ADD CONSTRAINT audit_systemsetting_created_by_id_4a9d4993_fk_accounts_user_id FOREIGN KEY (created_by_id) REFERENCES public.accounts_user(id) DEFERRABLE INITIALLY DEFERRED;


--
-- Name: audit_systemsetting audit_systemsetting_last_updated_by_id_91a4230c_fk_accounts_; Type: FK CONSTRAINT; Schema: public; Owner: postgres
--

ALTER TABLE ONLY public.audit_systemsetting
    ADD CONSTRAINT audit_systemsetting_last_updated_by_id_91a4230c_fk_accounts_ FOREIGN KEY (last_updated_by_id) REFERENCES public.accounts_user(id) DEFERRABLE INITIALLY DEFERRED;


--
-- Name: auth_group_permissions auth_group_permissio_permission_id_84c5c92e_fk_auth_perm; Type: FK CONSTRAINT; Schema: public; Owner: postgres
--

ALTER TABLE ONLY public.auth_group_permissions
    ADD CONSTRAINT auth_group_permissio_permission_id_84c5c92e_fk_auth_perm FOREIGN KEY (permission_id) REFERENCES public.auth_permission(id) DEFERRABLE INITIALLY DEFERRED;


--
-- Name: auth_group_permissions auth_group_permissions_group_id_b120cbf9_fk_auth_group_id; Type: FK CONSTRAINT; Schema: public; Owner: postgres
--

ALTER TABLE ONLY public.auth_group_permissions
    ADD CONSTRAINT auth_group_permissions_group_id_b120cbf9_fk_auth_group_id FOREIGN KEY (group_id) REFERENCES public.auth_group(id) DEFERRABLE INITIALLY DEFERRED;


--
-- Name: auth_permission auth_permission_content_type_id_2f476e4b_fk_django_co; Type: FK CONSTRAINT; Schema: public; Owner: postgres
--

ALTER TABLE ONLY public.auth_permission
    ADD CONSTRAINT auth_permission_content_type_id_2f476e4b_fk_django_co FOREIGN KEY (content_type_id) REFERENCES public.django_content_type(id) DEFERRABLE INITIALLY DEFERRED;


--
-- Name: django_admin_log django_admin_log_content_type_id_c4bce8eb_fk_django_co; Type: FK CONSTRAINT; Schema: public; Owner: postgres
--

ALTER TABLE ONLY public.django_admin_log
    ADD CONSTRAINT django_admin_log_content_type_id_c4bce8eb_fk_django_co FOREIGN KEY (content_type_id) REFERENCES public.django_content_type(id) DEFERRABLE INITIALLY DEFERRED;


--
-- Name: django_admin_log django_admin_log_user_id_c564eba6_fk_accounts_user_id; Type: FK CONSTRAINT; Schema: public; Owner: postgres
--

ALTER TABLE ONLY public.django_admin_log
    ADD CONSTRAINT django_admin_log_user_id_c564eba6_fk_accounts_user_id FOREIGN KEY (user_id) REFERENCES public.accounts_user(id) DEFERRABLE INITIALLY DEFERRED;


--
-- Name: referrals_referral referrals_referral_created_by_id_6878342d_fk_accounts_user_id; Type: FK CONSTRAINT; Schema: public; Owner: postgres
--

ALTER TABLE ONLY public.referrals_referral
    ADD CONSTRAINT referrals_referral_created_by_id_6878342d_fk_accounts_user_id FOREIGN KEY (created_by_id) REFERENCES public.accounts_user(id) DEFERRABLE INITIALLY DEFERRED;


--
-- Name: referrals_referral referrals_referral_last_updated_by_id_04192a8f_fk_accounts_; Type: FK CONSTRAINT; Schema: public; Owner: postgres
--

ALTER TABLE ONLY public.referrals_referral
    ADD CONSTRAINT referrals_referral_last_updated_by_id_04192a8f_fk_accounts_ FOREIGN KEY (last_updated_by_id) REFERENCES public.accounts_user(id) DEFERRABLE INITIALLY DEFERRED;


--
-- Name: referrals_referraldocument referrals_referraldo_referral_id_c4ce1474_fk_referrals; Type: FK CONSTRAINT; Schema: public; Owner: postgres
--

ALTER TABLE ONLY public.referrals_referraldocument
    ADD CONSTRAINT referrals_referraldo_referral_id_c4ce1474_fk_referrals FOREIGN KEY (referral_id) REFERENCES public.referrals_referral(id) DEFERRABLE INITIALLY DEFERRED;


--
-- Name: referrals_referraldocument referrals_referraldo_uploaded_by_id_8ff4017e_fk_accounts_; Type: FK CONSTRAINT; Schema: public; Owner: postgres
--

ALTER TABLE ONLY public.referrals_referraldocument
    ADD CONSTRAINT referrals_referraldo_uploaded_by_id_8ff4017e_fk_accounts_ FOREIGN KEY (uploaded_by_id) REFERENCES public.accounts_user(id) DEFERRABLE INITIALLY DEFERRED;


--
-- PostgreSQL database dump complete
--

